Title,URL
Kokuriko-zaka kara,https://www.imdb.com/title/tt1798188/
Skam,https://www.imdb.com/title/tt5288312/
Love Actually,https://www.imdb.com/title/tt0314331/
Requiem for a Dream,https://www.imdb.com/title/tt0180093/
The Breakfast Club,https://www.imdb.com/title/tt0088847/
Reservoir Dogs,https://www.imdb.com/title/tt0105236/
Rango,https://www.imdb.com/title/tt1192628/
Bridget Jones: The Edge of Reason,https://www.imdb.com/title/tt0317198/
Mr. Show with Bob and David,https://www.imdb.com/title/tt0112084/
Ã€ l'aventure,https://www.imdb.com/title/tt1235552/
The To Do List,https://www.imdb.com/title/tt1758795/
Masumlar Apartmani,https://www.imdb.com/title/tt12694046/
The Kite Runner,https://www.imdb.com/title/tt0419887/
You Can Live Forever,https://www.imdb.com/title/tt15782570/
Legally Blonde,https://www.imdb.com/title/tt0250494/
Kis Uykusu,https://www.imdb.com/title/tt2758880/
Love & Other Drugs,https://www.imdb.com/title/tt0758752/
Trois couleurs: Bleu,https://www.imdb.com/title/tt0108394/
Puss in Boots: The Last Wish,https://www.imdb.com/title/tt3915174/
